<application>
  <component name="GeneralSettings">
    <option name="confirmExit" value="false" />
    <option name="showTipsOnStartup" value="false" />
  </component>
  <component name="Registry">
    <entry key="ide.balloon.shadow.size" value="0" />
    <entry key="ide.intellij.laf.enable.animation" value="true" />
    <entry key="typescript.external.type.definitions.packages" value="express,lodash,mocha,chai,jasmine,react-dom,jest,styled-components,react-native" />
  </component>
</application>